base,release1,release2,speed,total_attempts,avg_residual,n_sessions,total_greens,advantage_pct
Base98,Kobe,RayAllen,3/4,200,-0.0005056846141815452,2,79,-0.05056846141815452
Base98,RayAllen,Durant,max,200,-0.0003564000129699929,2,79,-0.03564000129699929
Base98,RayAllen,Gay,3/4,200,4.917860031128374e-05,2,84,0.004917860031128374
Curry,Kobe,Gay,3/4,200,0.0006874144077301247,2,88,0.06874144077301247
Curry,Kobe,Gay,max,200,-0.00027761578559876154,2,91,-0.027761578559876154
Curry,RayAllen,Kobe,full,200,3.794193267825374e-05,2,89,0.0037941932678253742
Jordan,Kobe,Gay,3/4,200,6.961822509765625e-05,2,85,0.006961822509765625
Jordan,RayAllen,Durant,max,200,-0.0004952597618103072,2,83,-0.04952597618103072
SetShot25,Kobe,SetShot25,max,200,0.00019346952438353826,2,89,0.019346952438353826
SetShot25,SetShot25,Kobe,full,200,0.0005980050563811901,2,95,0.059800505638119006
