base,release1,release2,speed,total_attempts,avg_residual,residual_std,n_sessions,total_greens,exploit_score
Base98,Kobe,RayAllen,3/4,200,-0.0003054726123810081,0.0017612813959175188,2,79,-0.0022910463421088856
Base98,RayAllen,Durant,max,200,-0.012943977117538474,0.018862216822306033,2,79,-0.0970799025036307
Base98,RayAllen,Gay,3/4,200,-0.000211323499679561,0.0021272913718818906,2,84,-0.0015849274577147238
Curry,Kobe,Gay,3/4,200,-0.0001890718936919944,0.0027690462612918352,2,88,-0.001418040285386891
Curry,Kobe,Gay,max,200,0.02123274683952331,0.03221492848643634,2,91,0.15924572288313682
Curry,RayAllen,Kobe,full,200,0.0036563611030578924,0.004978230645704296,2,89,0.027422729210636116
DwightPowell,Beluba,JarenJackson,max,100,0.00019680976867675337,,1,40,0.0009083008013348667
Iverson,Bird,Gay,full,100,0.03199788331985476,,1,43,0.14767408780495442
Jordan,Kobe,Gay,3/4,200,0.015202730894088745,0.020277093270312515,2,85,0.1140205687622333
Jordan,RayAllen,Durant,max,200,0.0006343078613281206,0.0015716694679627744,2,83,0.004757312592246818
JuliusRandle,Unknown,Unknown,3/4,100,-0.1698770499229431,,1,29,-0.7840030584398416
KD,ZachEdey,Unknown,max,100,0.0021416473388672363,,1,45,0.009883960573444667
MPJ,LarryBird,Beluba,max,100,-0.0017771744728087846,,1,36,-0.008201874371466371
SetShot25,Kobe,SetShot25,max,200,-0.0037075054645538397,0.0055499526457544945,2,89,-0.027806312214727614
SetShot25,SetShot25,Kobe,full,200,0.0007719910144805553,0.002376379246581274,2,95,0.0057899370293157115
